UniqueID,Probability1
6533,0.608677307
6534,0.17338815
6535,0.795394444
6536,0.308370038
6537,0.184064851
6538,0.808516753
6539,0.754688888
6540,0.201963864
6541,0.15136894
6542,0.018231642
6543,0.008327247
6544,0.681661036
6545,0.027281141
6546,0.072831773
6547,0.041763198
6548,0.818217139
6549,0.821471622
6550,0.373407623
6551,0.172425028
6552,0.07668907
6553,0.067092775
6554,0.093726497
6555,0.796613292
6556,0.033951706
6557,0.004697443
6558,0.324717497
6559,0.026288259
6560,0.73405317
6561,0.425034223
6562,0.024042656
6563,0.000209244
6564,0.045734238
6565,0.068677036
6566,0.049844391
6567,0.351205193
6568,0.740502553
6569,0.713066199
6570,0.032267135
6571,0.099957159
6572,0.586754147
6573,0.733983402
6574,0.798638845
6575,0.054581796
6576,0.663936671
6577,0.007452141
6578,0.008640739
6579,0.650962791
6580,0.020289481
6581,0.691792949
6582,0.081762459
6583,0.040535989
6584,0.144661891
6585,0.059616053
6586,0.05422983
6587,0.316450809
6588,0.034147538
6589,0.008788317
6590,0.732051082
6591,0.711490929
6592,0.005409388
6593,0.003223539
6594,0.035965391
6595,0.016679985
6596,0.021188067
6597,0.055015948
6598,0.007987268
6599,0.005026139
6600,0.419517488
6601,0.143833331
6602,0.01613596
6603,0.025452406
6604,0.540311573
6605,0.131426184
6606,0.717276289
6607,0.518662831
6608,0.752001312
6609,0.470886139
6610,0.01559602
6611,0.040227308
6612,0.187463902
6613,0.0131422
6614,0.057855495
6615,0.012106982
6616,0.155502752
6617,0.083844944
6618,0.594492151
6619,0.174623867
6620,0.029835531
6621,0.013955532
6622,0.061231231
6623,0.017155969
6624,0.039217634
6625,0.054256489
6626,0.004740681
6627,0.014616334
6628,0.014998976
6629,0.025696055
6630,0.014140137
6631,0.083650197
6632,0.202057266
6633,0.717416838
6634,0.049076503
6635,0.448817416
6636,0.262413329
6637,0.275179283
6638,0.257594903
6639,0.239400776
6640,0.187971171
6641,0.285241918
6642,0.195767379
6643,0.253664683
6644,0.265058216
6645,0.160694398
6646,0.178432667
6647,0.05461954
6648,0.170752143
6649,0.310999801
6650,0.746295045
6651,0.003973085
6652,0.044584262
6653,0.119610947
6654,0.072725443
6655,0.156552297
6656,0.12285538
6657,0.091912885
6658,0.062766898
6659,0.043362697
6660,0.437363995
6661,0.04360485
6662,0.019095859
6663,0.531594941
6664,0.225439419
6665,0.050167214
6666,0.024238727
6667,0.044100449
6668,0.089678079
6669,0.551665376
6670,0.690013212
6671,0.67902342
6672,0.018038613
6673,0.196490232
6674,0.643254285
6675,0.011588332
6676,0.027175205
6677,0.011611936
6678,0.081013374
6679,0.05263782
6680,0.687713007
6681,0.036680057
6682,0.022069496
6683,0.060992504
6684,0.268152564
6685,0.004227351
6686,0.026414605
6687,0.548780709
6688,0.708130018
6689,0.044362864
6690,0.019836847
6691,0.195089189
6692,0.715669139
6693,0.011099798
6694,0.740085807
6695,0.639347868
6696,0.016979539
6697,0.633578806
6698,0.018437304
6699,0.17806308
6700,0.014292708
6701,0.520312023
6702,0.01245677
6703,0.050509711
6704,0.140103513
6705,0.122392773
6706,0.009575611
6707,0.078864475
6708,0.044631171
6709,0.010856558
6710,0.003911478
6711,0.081850517
6712,0.013728007
6713,0.044614376
6714,0.059658974
6715,0.031280404
6716,0.014358964
6717,0.004760628
6718,0.202156512
6719,0.025517102
6720,0.571417479
6721,0.013517408
6722,0.016623456
6723,0.806164081
6724,0.186772066
6725,0.675648791
6726,0.086406747
6727,0.164879492
6728,0.762258669
6729,0.056972821
6730,0.004163146
6731,0.323344677
6732,0.009280855
6733,0.045907818
6734,0.104989186
6735,0.052030801
6736,0.031745334
6737,0.041808093
6738,0.076512264
6739,0.814660359
6740,0.021040248
6741,0.143686876
6742,0.0002032
6743,0.054100676
6744,0.060525356
6745,0.192216868
6746,0.020966745
6747,0.042428716
6748,0.106540787
6749,0.086653601
6750,0.699574453
6751,0.042448879
6752,0.126889874
6753,0.574000074
6754,0.082113036
6755,0.021020157
6756,0.034766573
6757,0.384738852
6758,0.410670187
6759,0.083497524
6760,0.089493418
6761,0.033167046
6762,0.064956259
6763,0.000164385
6764,0.669585083
6765,0.054913793
6766,0.019698879
6767,0.015304032
6768,0.068174463
6769,0.650852865
6770,0.164940279
6771,0.004686292
6772,0.072106348
6773,0.020661815
6774,0.00414373
6775,0.593579234
6776,0.029259671
6777,0.011211386
6778,0.031721119
6779,0.077377848
6780,0.751868773
6781,0.218791156
6782,0.076935211
6783,0.112355772
6784,0.023414922
6785,0.038941562
6786,0.525708948
6787,0.666866135
6788,0.164910345
6789,0.021842781
6790,0.060316504
6791,0.013140146
6792,0.011807916
6793,0.690013004
6794,0.011088191
6795,0.09712965
6796,0.015820985
6797,0.066139466
6798,0.067433273
6799,0.078813844
6800,0.028973972
6801,0.059738758
6802,0.035728489
6803,0.009103338
6804,0.004778821
6805,0.011192336
6806,0.013592718
6807,0.678142891
6808,0.801045175
6809,0.038515196
6810,0.882496089
6811,0.044140502
6812,0.231275702
6813,0.004584679
6814,0.075558833
6815,0.088053526
6816,0.329276338
6817,0.121438937
6818,0.063948701
6819,0.771895434
6820,0.054290651
6821,0.113809698
6822,0.087759957
6823,0.140832422
6824,0.554067315
6825,0.807775147
6826,0.007323916
6827,0.052624466
6828,0.008533862
6829,0.270272756
6830,0.04345943
6831,0.149819932
6832,0.041187817
6833,0.054501145
6834,0.013024803
6835,0.734183147
6836,0.049700638
6837,0.100478663
6838,0.187370291
6839,0.022529773
6840,0.039969604
6841,0.007339087
6842,0.084792728
6843,0.027613553
6844,0.709452759
6845,0.801256999
6846,0.002999653
6847,0.331657624
6848,0.027249473
6849,0.072345176
6850,0.067827409
6851,0.001279414
6852,0.655421385
6853,0.022691926
6854,0.01805654
6855,0.044415526
6856,0.031171192
6857,0.078563012
6858,0.019434451
6859,0.652588059
6860,0.771784379
6861,0.040300347
6862,0.045098848
6863,0.648613938
6864,0.251805906
6865,0.046993011
6866,0.654645045
6867,0.179107883
6868,0.048610128
6869,0.372806868
6870,0.081214478
6871,0.512756081
6872,0.120474115
6873,0.672228112
6874,0.322460337
6875,0.022975106
6876,0.04213504
6877,0.257113
6878,0.2664231
6879,0.031704561
6880,0.020510817
6881,0.449557888
6882,0.015028637
6883,0.013547284
6884,0.026250478
6885,0.754760724
6886,0.024941312
6887,0.011247523
6888,0.088023454
6889,0.061168164
6890,0.027963486
6891,0.100454944
6892,0.011786418
6893,0.071552124
6894,0.009189776
6895,0.025013995
6896,0.017546242
6897,0.040773289
6898,0.037401178
6899,0.004795315
6900,0.01528776
6901,0.012935206
6902,0.017873202
6903,0.219761683
6904,0.754339788
6905,0.036376854
6906,0.064670705
6907,0.128935948
6908,0.046954277
6909,0.100974693
6910,0.043306491
6911,0.052276833
6912,0.004079186
6913,0.215934737
6914,0.012623104
6915,0.062441296
6916,0.02483058
6917,0.065686905
6918,0.227062961
6919,0.083705634
6920,0.161605335
6921,0.676866123
6922,0.200584506
6923,0.086920346
6924,0.083566344
6925,0.73218518
6926,0.030355186
6927,0.557171796
6928,0.027241604
6929,0.042527404
6930,0.445373001
6931,0.000197331
6932,0.089943366
6933,0.031562432
6934,0.717435693
6935,0.362904439
6936,0.018496866
6937,0.03946432
6938,0.296487558
6939,0.096472443
6940,0.720903273
6941,0.731452703
6942,0.02638651
6943,0.71360562
6944,0.041359386
6945,0.013903433
6946,0.072151731
6947,0.041266099
6948,0.020003284
6949,0.038718166
6950,0.155470584
6951,0.031260163
6952,0.052115931
6953,0.408663199
6954,0.056183534
6955,0.710572784
6956,0.812292331
6957,0.035611656
6958,0.019941725
6959,0.034658776
6960,0.148923176
6961,0.456557138
6962,0.019998538
6963,0.17206095
6964,0.005958372
6965,0.045296009
6966,0.171741378
6967,0.644615305
6968,0.06684349
6969,0.02663914
6970,0.022824248
6971,0.041607081
6972,0.283220318
6973,0.533974149
6974,0.001839752
6975,0.047939697
6976,0.181851626
6977,0.017843139
6978,0.013000417
6979,0.064721998
6980,0.011654739
6981,0.011654739
6982,0.146313597
6983,0.012166419
6984,0.020844768
6985,0.086230658
6986,0.064662971
6987,0.000140717
6988,0.022550473
6989,0.023031537
6990,0.648336577
6991,0.063353861
6992,0.0047068
6993,0.041128896
6994,0.051192034
6995,0.019121791
6996,0.024877515
6997,0.011577416
6998,0.022250234
6999,0.013012151
7000,0.158846678
7001,0.041745759
7002,0.773984971
7003,0.803160802
7004,0.053204604
7005,0.619222693
7006,0.011819699
7007,0.02694447
7008,0.053213019
7009,0.669786127
7010,0.021521663
7011,0.047178039
7012,0.651726869
7013,0.020223899
7014,0.468888403
7015,0.06028664
7016,0.765759094
7017,0.307744888
7018,0.211882846
7019,0.192977606
7020,0.208789522
7021,0.609508696
7022,0.796167647
7023,0.809167194
7024,0.766748317
7025,0.030903452
7026,0.729717815
7027,0.553483901
7028,0.032071472
7029,0.018529074
7030,0.464001772
7031,0.017095292
7032,0.122397226
7033,0.014229127
7034,0.234330685
7035,0.313154061
7036,0.133723105
7037,0.776255409
7038,0.211172202
7039,0.052060071
7040,0.144621385
7041,0.004864469
7042,0.030070081
7043,0.15593359
7044,0.426386175
7045,0.094730819
7046,0.01562511
7047,0.818763017
7048,0.705449281
7049,0.070247846
7050,0.068942106
7051,0.076980006
7052,0.723330172
7053,0.064954773
7054,0.013418993
7055,0.090291168
7056,0.356577186
7057,0.117723811
7058,0.154372886
7059,0.052334636
7060,0.020873517
7061,0.748124633
7062,0.041190421
7063,0.028777559
7064,0.267572085
7065,0.061726191
7066,0.358470112
7067,0.067089066
7068,0.018136277
7069,0.025058581
7070,0.716159879
7071,0.137097813
7072,0.801178038
7073,0.329903833
7074,0.054269153
7075,0.080956415
7076,0.062607375
7077,0.021072877
7078,0.140440288
7079,0.383322153
7080,0.022071589
7081,0.164463065
7082,0.669873753
7083,0.028276241
7084,0.609486661
7085,0.015301018
7086,0.55599438
7087,0.71289299
7088,0.037504866
7089,0.681105497
7090,0.000157725
7091,0.038162582
7092,0.078497869
7093,0.040381256
7094,0.036657324
7095,0.724620511
7096,0.014471406
7097,0.743574574
7098,0.611121745
7099,0.014494445
7100,0.012014516
7101,0.011442687
7102,0.000146477
7103,0.213652974
7104,0.152674674
7105,0.017119943
7106,0.072731724
7107,0.041125732
7108,0.06954588
7109,0.03583833
7110,0.025356783
7111,0.047449053
7112,0.051509092
7113,0.018403328
7114,0.004740681
7115,0.013153464
7116,0.11489883
7117,0.016387428
7118,0.113586445
7119,0.013707959
7120,0.766190692
7121,0.221534066
7122,0.082167189
7123,0.117723712
7124,0.218052278
7125,0.004794791
7126,0.099990097
7127,0.088930354
7128,0.062434802
7129,0.008479507
7130,0.035506802
7131,0.787679411
7132,0.291639959
7133,0.118706197
7134,0.188150324
7135,0.071091762
7136,0.165803211
7137,0.03086484
7138,0.440500726
7139,0.525521959
7140,0.111869529
7141,0.756873401
7142,0.013175711
7143,0.058903253
7144,0.03960954
7145,0.691284328
7146,0.030848064
7147,0.038258173
7148,0.750448044
7149,0.026132932
7150,0.691428372
7151,0.319909236
7152,0.081072076
7153,0.149713076
7154,0.031408447
7155,0.663709873
7156,0.013689721
7157,0.046200035
7158,0.126452399
7159,0.013487885
7160,0.057898425
7161,0.033805795
7162,0.736439732
7163,0.060297474
7164,0.002783883
7165,0.00015543
7166,0.041288573
7167,0.034582095
7168,0.007274361
7169,0.023599061
7170,0.017473182
7171,0.037172166
7172,0.024134282
7173,0.012927885
7174,0.036708623
7175,0.159158772
7176,0.391007043
7177,0.079437932
7178,0.656338453
7179,0.599836552
7180,0.652425901
7181,0.348346112
7182,0.030040694
7183,0.021410116
7184,0.014532249
7185,0.695634674
7186,0.26399158
7187,0.019760676
7188,0.556852141
7189,0.011811716
7190,0.000134497
7191,0.124165045
7192,0.022914705
7193,0.010264167
7194,0.084631325
7195,0.013309974
7196,0.086654977
7197,0.035404175
7198,0.055573907
7199,0.004584626
7200,0.012673995
7201,0.022428793
7202,0.113270405
7203,0.100161248
7204,0.011836934
7205,0.009712463
7206,0.217210772
7207,0.085874676
7208,0.685360746
7209,0.04763852
7210,0.381268474
7211,0.066794051
7212,0.214901687
7213,0.108297853
7214,0.096746074
7215,0.01886471
7216,0.133740734
7217,0.265100915
7218,0.797505502
7219,0.004408221
7220,0.189769529
7221,0.054938413
7222,0.096704395
7223,0.087183864
7224,0.052782372
7225,0.38979286
7226,0.033151969
7227,0.062584595
7228,0.093768868
7229,0.667699251
7230,0.176250033
7231,0.051977692
7232,0.199745548
7233,0.757677855
7234,0.500825795
7235,0.039521954
7236,0.007122604
7237,0.041674313
7238,0.747605349
7239,0.009607327
7240,0.008827265
7241,0.010983332
7242,0.6924037
7243,0.145913033
7244,0.023396187
7245,0.08365911
7246,0.035609975
7247,0.026252885
7248,0.776454913
7249,0.028940774
7250,0.189235278
7251,0.644337018
7252,0.038846779
7253,0.015103453
7254,0.32807773
7255,0.289281323
7256,0.347523172
7257,0.022086146
7258,0.784338237
7259,0.042211566
7260,0.046428085
7261,0.065620712
7262,0.240077595
7263,0.106054657
7264,0.214129951
7265,0.170964878
7266,0.203794332
7267,0.016529396
7268,0.249063734
7269,0.024484784
7270,0.034495661
7271,0.074186513
7272,0.038438354
7273,0.716709329
7274,0.329967134
7275,0.035076628
7276,0.017508382
7277,0.089781275
7278,0.015515449
7279,0.651494174
7280,0.00013298
7281,0.031442225
7282,0.125509989
7283,0.017436302
7284,0.025501441
7285,0.044407223
7286,0.085996574
7287,0.018618242
7288,0.51656346
7289,0.009246756
7290,0.747383214
7291,0.227946741
7292,0.00013254
7293,0.063293376
7294,0.082787402
7295,0.047274875
7296,0.01935807
7297,0.029148404
7298,0.092517219
7299,0.08772522
7300,0.02270478
7301,0.033096045
7302,0.051568528
7303,0.02394655
7304,0.027982662
7305,0.004518895
7306,0.012157365
7307,0.813057437
7308,0.633666587
7309,0.008296215
7310,0.009621983
7311,0.223035361
7312,0.472781213
7313,0.134786786
7314,0.873480595
7315,0.002124403
7316,0.591272884
7317,0.122736597
7318,0.296638506
7319,0.191033861
7320,0.051542467
7321,0.249066987
7322,0.247492425
7323,0.283965665
7324,0.287168916
7325,0.004822574
7326,0.2843522
7327,0.026335422
7328,0.053555783
7329,0.022574068
7330,0.197843233
7331,0.016520421
7332,0.294129939
7333,0.3676527
7334,0.335073065
7335,0.260808861
7336,0.016419005
7337,0.249067223
7338,0.278367936
7339,0.268778083
7340,0.024634018
7341,0.04130725
7342,0.17614135
7343,0.047700727
7344,0.73212482
7345,0.025118358
7346,0.051612754
7347,0.6273971
7348,0.060069944
7349,0.721472223
7350,0.114365396
7351,0.076675548
7352,0.029242094
7353,0.020523548
7354,0.100541661
7355,0.712455378
7356,0.05894705
7357,0.550965077
7358,0.591031825
7359,0.044138392
7360,0.006466269
7361,0.015658202
7362,0.034991894
7363,0.032395641
7364,0.000161993
7365,0.047452289
7366,0.044642066
7367,0.056502821
7368,0.004915486
7369,0.020065981
7370,0.027007537
7371,0.023930269
7372,0.035536435
7373,0.511234914
7374,0.597579256
7375,0.598009437
7376,0.080796821
7377,0.079444113
7378,0.057292654
7379,0.083961269
7380,0.07180239
7381,0.599918175
7382,0.438123037
7383,0.012793132
7384,0.61453154
7385,0.014431037
7386,0.076510282
7387,0.093601281
7388,0.040489839
7389,0.012581142
7390,0.692377662
7391,0.01384032
7392,0.036791204
7393,0.628681011
7394,0.028165646
7395,0.000130611
7396,0.073930747
7397,0.101240977
7398,0.078057899
7399,0.010391066
7400,0.031763141
7401,0.067093612
7402,0.027489061
7403,0.053212075
7404,0.068026499
7405,0.167744432
7406,0.013681011
7407,0.004368203
7408,0.019331519
7409,0.012146451
7410,0.021731844
7411,0.753800508
7412,0.198627019
7413,0.09581086
7414,0.035078914
7415,0.606157076
7416,0.106771255
7417,0.050801691
7418,0.026775583
7419,0.304819791
7420,0.040978191
7421,0.003994185
7422,0.018632003
7423,0.020815753
7424,0.085132105
7425,0.01822802
7426,0.021788152
7427,0.206119951
7428,0.026206181
7429,0.143173061
7430,0.722092371
7431,0.022377276
7432,0.006965267
7433,0.431356689
7434,0.034724495
7435,0.027644927
7436,0.333008769
7437,0.556656607
7438,0.096991197
7439,0.2082579
7440,0.276096566
7441,0.307410946
7442,0.035017081
7443,0.213697537
7444,0.260170009
7445,0.283598935
7446,0.243132639
7447,0.239717174
7448,0.040700521
7449,0.046473801
7450,0.268242742
7451,0.004627246
7452,0.020112795
7453,0.311161285
7454,0.349565885
7455,0.117921516
7456,0.247152238
7457,0.244737677
7458,0.020700803
7459,0.199706556
7460,0.015068594
7461,0.252950595
7462,0.022724617
7463,0.339988164
7464,0.015282724
7465,0.006217519
7466,0.219670019
7467,0.017743678
7468,0.267929388
7469,0.041636804
7470,0.74560233
7471,0.324707708
7472,0.090476274
7473,0.328085506
7474,0.777357248
7475,0.505667688
7476,0.12547212
7477,0.014230935
7478,0.228106545
7479,0.012365663
7480,0.216985634
7481,0.013356801
7482,0.23558176
7483,0.065022815
7484,0.041626622
7485,0.328338679
7486,0.023870114
7487,0.337788303
7488,0.283790455
7489,0.034584833
7490,0.072538659
7491,0.011505372
7492,0.00396439
7493,0.013777605
7494,0.036847564
7495,0.699446469
7496,0.627397853
7497,0.034507368
7498,0.47054743
7499,0.205782372
7500,0.298504682
7501,0.055803316
7502,0.716559788
7503,0.716074141
7504,0.00598167
7505,0.268167215
7506,0.243275297
7507,0.748777301
7508,0.070032375
7509,0.505944228
7510,0.02579407
7511,0.5073761
7512,0.050892764
7513,0.821191748
7514,0.14976286
7515,0.028739201
7516,0.052937391
7517,0.102622896
7518,0.066797262
7519,0.697363336
7520,0.530823916
7521,0.18941359
7522,0.011623508
7523,0.113393893
7524,0.234189969
7525,0.149933341
7526,0.153114354
7527,0.774407193
7528,0.090554715
7529,0.143491934
7530,0.088351059
7531,0.167624943
7532,0.230179889
7533,0.827509939
7534,0.801963009
7535,0.465865858
7536,0.842166212
7537,0.190754165
7538,0.822627066
7539,0.222346797
7540,0.066644641
7541,0.481002569
7542,0.66381963
7543,0.008189702
7544,0.80543328
7545,0.061323714
7546,0.040231234
7547,0.098542912
7548,0.003996651
7549,0.107412519
7550,0.024151771
7551,0.05286385
7552,0.034301895
7553,0.006283839
7554,0.018919179
7555,0.738675873
7556,0.067131271
7557,0.330852382
7558,0.748911795
7559,0.342529575
7560,0.040003163
7561,0.31861343
7562,0.287634938
7563,0.066847767
7564,0.01622229
7565,0.033715392
7566,0.054699161
7567,0.016638669
7568,0.08279372
7569,0.604330715
7570,0.015243368
7571,0.083183455
7572,0.274066947
7573,0.721286797
7574,0.075221444
7575,0.021817854
7576,0.014520904
7577,0.025810252
7578,0.669362245
7579,0.014714146
7580,0.012894083
7581,0.698590557
7582,0.015249741
7583,0.03431801
7584,0.733692509
7585,0.795552534
7586,0.412457649
7587,0.535463386
7588,0.027998835
7589,0.015230826
7590,0.025829001
7591,0.013513344
7592,0.016824058
7593,0.014496663
7594,0.030293675
7595,0.000136483
7596,0.101931746
7597,0.152615039
7598,0.012275371
7599,0.049777195
7600,0.376471352
7601,0.020268667
7602,0.059465432
7603,0.025656002
7604,0.014911921
7605,0.053458557
7606,0.052023983
7607,0.014634009
7608,0.018581338
7609,0.018148067
7610,0.004254692
7611,0.109439628
7612,0.021454638
7613,0.014676371
7614,0.776470146
7615,0.287963007
7616,0.140728473
7617,0.135242005
7618,0.079397797
7619,0.837144686
7620,0.196285599
7621,0.60700393
7622,0.162475118
7623,0.037526092
7624,0.021072932
7625,0.132252946
7626,0.004223776
7627,0.52474423
7628,0.201098152
7629,0.103318272
7630,0.068341701
7631,0.13358077
7632,0.055470009
7633,0.085225035
7634,0.244883256
7635,0.806617603
7636,0.693424211
7637,0.393697094
7638,0.030826472
7639,0.617316242
7640,0.507638583
7641,0.021484892
7642,0.017644661
7643,0.055431098
7644,0.045654649
7645,0.018280262
7646,0.674237371
7647,0.05009004
7648,0.028421935
7649,0.619245648
7650,0.046410873
7651,0.610815539
7652,0.22855517
7653,0.024398167
7654,0.025960589
7655,0.019058554
7656,0.000707801
7657,0.022217018
7658,0.083276405
7659,0.011844925
7660,0.033203658
7661,0.027725651
7662,0.056800205
7663,0.044757646
7664,0.023870241
7665,0.016092758
7666,0.023790994
7667,0.062858024
7668,0.030697355
7669,0.052166481
7670,0.707445986
7671,0.189097141
7672,0.225154364
7673,0.636355071
7674,0.165209563
7675,0.630702428
7676,0.348490802
7677,0.073746267
7678,0.012815255
7679,0.037502837
7680,0.049601541
7681,0.01500875
7682,0.162002176
7683,0.012694869
7684,0.510043724
7685,0.000134497
7686,0.017124896
7687,0.021588752
7688,0.108073558
7689,0.077257221
7690,0.012286237
7691,0.073717461
7692,0.052554697
7693,0.040840743
7694,0.062716648
7695,0.009035396
7696,0.008917132
7697,0.004318764
7698,0.087930049
7699,0.058429285
7700,0.143645816
7701,0.028347687
7702,0.035520111
7703,0.014736036
7704,0.04763852
7705,0.79377318
7706,0.03407796
7707,0.782245578
7708,0.14681309
7709,0.032824469
7710,0.029636611
7711,0.117366776
7712,0.177051662
7713,0.030383924
7714,0.341988674
7715,0.001511605
7716,0.004408221
7717,0.836447247
7718,0.001511605
7719,0.053834832
7720,0.045920231
7721,0.018228434
7722,0.061118956
7723,0.024842076
7724,0.060680036
7725,0.727786545
7726,0.018561122
7727,0.746568405
7728,0.113580269
7729,0.020381048
7730,0.001887161
7731,0.137258035
7732,0.031041173
7733,0.018018978
7734,0.697439324
7735,0.019933892
7736,0.037566694
7737,0.009773422
7738,0.023896098
7739,0.029829713
7740,0.013925336
7741,0.041908628
7742,0.749330561
7743,0.739318541
7744,0.000945812
7745,0.029361775
7746,0.599675766
7747,0.019629152
7748,0.233939782
7749,0.024393242
7750,0.015384731
7751,0.000189338
7752,0.01722163
7753,0.134999324
7754,0.039513863
7755,0.066057597
7756,0.016618108
7757,0.026528121
7758,0.001392903
7759,0.799714321
7760,0.028709359
7761,0.089710298
7762,0.094551988
7763,0.014209993
7764,0.018946405
7765,0.021185072
7766,0.011786903
7767,0.018113091
7768,0.102110438
7769,0.014984781
7770,0.028270999
7771,0.047494354
7772,0.024867353
7773,0.040004507
7774,0.011702697
7775,0.664330189
7776,0.006949265
7777,0.709601625
7778,0.008762012
7779,0.043992753
7780,0.003968655
7781,0.154817075
7782,0.020633298
7783,0.061569266
7784,0.019697137
7785,0.013912045
7786,0.179321944
7787,0.060091204
7788,0.024321858
7789,0.577229731
7790,0.0589637
7791,0.631122544
7792,0.013492126
7793,0.121651897
7794,0.712107787
7795,0.024286186
7796,0.146989045
7797,0.000713373
7798,0.696985525
7799,0.016896586
7800,0.027345477
7801,0.019497916
7802,0.036258367
7803,0.000956286
7804,0.095179377
7805,0.012451824
7806,0.607125193
7807,0.020196124
7808,0.013499673
7809,0.104444366
7810,0.000142246
7811,0.681637852
7812,0.075981861
7813,0.142064168
7814,0.152398994
7815,0.150227377
7816,0.02794011
7817,0.075414157
7818,0.021877936
7819,0.012855442
7820,0.052677223
7821,0.043835446
7822,0.013153001
7823,0.004344409
7824,0.025153233
7825,0.051299886
7826,0.014687153
7827,0.696040046
7828,0.079838713
7829,0.790434662
7830,0.066156033
7831,0.18767683
7832,0.121693883
7833,0.057757658
7834,0.338208867
7835,0.829559195
7836,0.19211875
7837,0.039510762
7838,0.058279818
7839,0.084272159
7840,0.003859735
7841,0.088985099
7842,0.127689563
7843,0.104111635
7844,0.025440082
7845,0.264223737
7846,0.022379323
7847,0.097623141
7848,0.073108743
7849,0.017388196
7850,0.003193182
7851,0.029117798
7852,0.47548873
7853,0.466551822
7854,0.046725583
7855,0.734862272
7856,0.736966413
7857,0.204299094
7858,0.045754526
7859,0.023081821
7860,0.037092632
7861,0.028692728
7862,0.045152767
7863,0.022084873
7864,0.430221648
7865,0.209663689
7866,0.00398095
7867,0.050755982
7868,0.033265123
7869,0.535813105
7870,0.081428398
7871,0.091607135
7872,0.004087778
7873,0.15919957
7874,0.767635509
7875,0.019508361
7876,0.042119474
7877,0.009765768
7878,0.730075975
7879,0.03868655
7880,0.056024696
7881,0.655245587
7882,0.0788077
7883,0.534043908
7884,0.021126747
7885,0.012677756
7886,0.67820177
7887,0.119199131
7888,0.084678454
7889,0.737444458
7890,0.0152592
7891,0.633253922
7892,0.011883946
7893,0.074461692
7894,0.018373819
7895,0.503980336
7896,0.032599656
7897,0.512305939
7898,0.026841265
7899,0.014941996
7900,0.016441028
7901,0.035775187
7902,0.022259944
7903,0.000130611
7904,0.02735325
7905,0.011355736
7906,0.142085249
7907,0.075806689
7908,0.12379429
7909,0.009392565
7910,0.0225541
7911,0.234161268
7912,0.021740772
7913,0.042088355
7914,0.029238716
7915,0.014733303
7916,0.004109058
7917,0.058697182
7918,0.0071705
7919,0.045257028
7920,0.014023029
7921,0.032895099
7922,0.113003176
7923,0.776330531
7924,0.363464202
7925,0.161220339
7926,0.09395005
7927,0.211372007
7928,0.121163449
7929,0.004079186
7930,0.53710264
7931,0.435831665
7932,0.685425708
7933,0.0409383
7934,0.060639883
7935,0.025392423
7936,0.258123697
7937,0.615235551
7938,0.754760935
7939,0.757588265
7940,0.006394079
7941,0.03179762
7942,0.014780715
7943,0.016928132
7944,0.01303039
7945,0.01559388
7946,0.011708779
7947,0.049482463
7948,0.018410596
7949,0.041134674
7950,0.018410596
7951,0.009271085
7952,0.009271085
7953,0.009470168
7954,0.006287776
7955,0.011756911
7956,0.011994418
7957,0.009171255
7958,0.186594823
7959,0.699386076
7960,0.28436615
7961,0.065592286
7962,0.082105089
7963,0.05001224
7964,0.059654978
7965,0.053237481
7966,0.014876243
7967,0.036091891
7968,0.011117179
7969,0.603781767
7970,0.040203769
7971,0.061845282
7972,0.043417752
7973,0.218259992
7974,0.50441629
7975,0.018685096
7976,0.080940423
7977,0.005659135
7978,0.374775801
7979,0.425565683
7980,0.011875895
7981,0.027966578
7982,0.458847539
7983,0.649854763
7984,0.148923176
7985,0.024293554
7986,0.641165103
7987,0.034012123
7988,0.062899899
7989,0.75788931
7990,0.519882979
7991,0.003960464
7992,0.002057393
7993,0.016080244
7994,0.050486957
7995,0.475409607
7996,0.016875068
7997,0.018193903
7998,0.012951815
7999,0.015784625
8000,0.012919723
8001,0.021721281
8002,0.092930513
8003,0.06010348
8004,0.167620949
8005,0.062401754
8006,0.039336899
8007,0.036585246
8008,0.004390204
8009,0.014871737
8010,0.062391381
8011,0.033796766
8012,0.013625248
8013,0.566614241
8014,0.458962296
8015,0.025167329
8016,0.799825291
8017,0.802848876
8018,0.74756322
8019,0.328018216
8020,0.112737987
8021,0.750067903
8022,0.01964075
8023,0.180246546
8024,0.07541329
8025,0.788489839
8026,0.854924665
8027,0.204087627
8028,0.776368215
8029,0.041122136
8030,0.059546569
8031,0.030235866
8032,0.157135269
8033,0.026564542
8034,0.020135656
8035,0.02131871
8036,0.663792244
8037,0.190137168
8038,0.018023171
8039,0.795243764
8040,0.110960897
8041,0.321193625
8042,0.242406452
8043,0.614914335
8044,0.836444819
8045,0.033900581
8046,0.179138529
8047,0.004322055
8048,0.340332869
8049,0.050182969
8050,0.072657466
8051,0.051052809
8052,0.027627131
8053,0.692545412
8054,0.02827708
8055,0.79246237
8056,0.01397672
8057,0.7379225
8058,0.157061351
8059,0.026731304
8060,0.035003619
8061,0.042414277
8062,0.057786291
8063,0.560011769
8064,0.060618567
8065,0.031039104
8066,0.632245541
8067,0.032939876
8068,0.085764921
8069,0.01774999
8070,0.640283007
8071,0.231841262
8072,0.131103631
8073,0.079646929
8074,0.799048074
8075,0.03138209
8076,0.12594666
8077,0.001367007
8078,0.004196364
8079,0.698668037
8080,0.014514609
8081,0.025717876
8082,0.019675784
8083,0.030693975
8084,0.016985084
8085,0.014679431
8086,0.037190472
8087,0.752253346
8088,0.194928389
8089,0.012947572
8090,0.150794154
8091,0.02368897
8092,0.034581716
8093,0.174743193
8094,0.035660193
8095,0.011348641
8096,0.004463667
8097,0.062889619
8098,0.052481061
8099,0.036753662
8100,0.017148783
8101,0.004381627
8102,0.085020927
8103,0.018215456
8104,0.562855884
8105,0.744443398
8106,0.089020368
8107,0.827313445
8108,0.175220704
8109,0.003973085
8110,0.050993412
8111,0.140435002
8112,0.718675065
8113,0.074707737
8114,0.457549839
8115,0.038151088
8116,0.329567636
8117,0.036115334
8118,0.045885354
8119,0.088235454
8120,0.015287411
8121,0.049811769
8122,0.641225412
8123,0.403222108
8124,0.026625582
8125,0.791615687
8126,0.146240727
8127,0.656916575
8128,0.316745746
8129,0.018233893
8130,0.066955561
8131,0.021742746
8132,0.735909751
8133,0.209789187
8134,0.066020848
8135,0.004860967
8136,0.696131933
8137,0.310386122
8138,0.131795645
8139,0.600223944
8140,0.05429687
8141,0.016627377
8142,0.05146999
8143,0.526944279
8144,0.017338646
8145,0.122474824
8146,0.011533335
8147,0.213090368
8148,0.054958858
8149,0.013416768
8150,0.023761501
8151,0.00981716
8152,0.061770284
8153,0.034300377
8154,0.040386445
8155,0.012226891
8156,0.02256493
8157,0.004935683
8158,0.044785348
8159,0.015277091
8160,0.012492894
8161,0.040458282
8162,0.774798977
8163,0.177047365
8164,0.004408221
8165,0.044310202
8166,0.28066218
8167,0.045607098
8168,0.698928858
8169,0.028635325
8170,0.191871068
8171,0.081052909
8172,0.02402091
8173,0.039276326
8174,0.006771083
8175,0.170752317
8176,0.669971908
8177,0.043254872
8178,0.124980953
8179,0.239905333
8180,0.081475818
8181,0.129207265
8182,0.003834654
8183,0.107594485
8184,0.094997862
8185,0.021933422
8186,0.024773426
8187,0.591761158
8188,0.013924241
8189,0.017065809
8190,0.130168165
8191,0.208680359
8192,0.075434917
8193,0.039337144
8194,0.084822772
8195,0.753070699
8196,0.756339164
8197,0.213852145
8198,0.861275254
8199,0.587961814
8200,0.188793086
8201,0.226014556
8202,0.031033964
8203,0.212107191
8204,0.01673467
8205,0.018657304
8206,0.006532983
8207,0.068519179
8208,0.016839798
8209,0.025459584
8210,0.11033857
8211,0.030527934
8212,0.399497565
8213,0.030903378
8214,0.804857838
8215,0.744931532
8216,0.223122673
8217,0.402063578
8218,0.109752192
8219,0.160333126
8220,0.699316986
8221,0.72284965
8222,0.785626399
8223,0.066268572
8224,0.140920678
8225,0.027768104
8226,0.128867839
8227,0.03502075
8228,0.017291421
8229,0.239326708
8230,0.693464455
8231,0.024469254
8232,0.044373534
8233,0.005334752
8234,0.056789197
8235,0.575116143
8236,0.079279089
8237,0.54428002
8238,0.010940457
8239,0.016492073
8240,0.010083913
8241,0.056750565
8242,0.175675715
8243,0.543886757
8244,0.066466395
8245,0.042661673
8246,0.035608753
8247,0.027756988
8248,0.065448496
8249,0.720306846
8250,0.733995577
8251,0.770257066
8252,0.748093031
8253,0.131667393
8254,0.056370962
8255,0.500334059
8256,0.724732204
8257,0.188427138
8258,0.674738559
8259,0.051127172
8260,0.0862097
8261,0.214197984
8262,0.063927721
8263,0.064903516
8264,0.751466547
8265,0.14770956
8266,0.104851716
8267,0.711204976
8268,0.703806572
8269,0.088795505
8270,0.025443658
8271,0.537165351
8272,0.298059168
8273,0.08116732
8274,0.074352198
8275,0.781130607
8276,0.47972901
8277,0.339411597
8278,0.012214663
8279,0.079618913
8280,0.169908874
8281,0.18577224
8282,0.045001178
8283,0.614472739
8284,0.727714534
8285,0.03617326
8286,0.039554412
8287,0.02736467
8288,0.065881695
8289,0.047906087
8290,0.660278307
8291,0.533836031
8292,0.054419687
8293,0.245408345
8294,0.039208478
8295,0.719450231
8296,0.016324076
8297,0.000169274
8298,0.666967533
8299,0.448429131
8300,0.650495718
8301,0.046752739
8302,0.299179687
8303,0.01307024
8304,0.005173021
8305,0.509844969
8306,0.01659038
8307,0.012394034
8308,0.014614899
8309,0.08375251
8310,0.065215561
8311,0.124050777
8312,0.664062171
8313,0.061769159
8314,0.042754784
8315,0.629161677
8316,0.162475118
8317,0.048269648
8318,0.004223776
8319,0.059059245
8320,0.731320117
8321,0.217097493
8322,0.007789783
8323,0.068770584
8324,0.267096322
8325,0.756612921
8326,0.241850507
8327,0.522051337
8328,0.07598792
8329,0.013504016
8330,0.280509265
8331,0.760117797
8332,0.041642148
8333,0.051783414
8334,0.02049296
8335,0.688599628
8336,0.173848905
8337,0.011411881
8338,0.056217941
8339,0.178145406
8340,0.01463585
8341,0.016229407
8342,0.454402117
8343,0.594351906
8344,0.018982022
8345,0.276015724
8346,0.047355825
8347,0.006495145
8348,0.032976298
8349,0.011950062
8350,0.011908884
8351,0.013246905
8352,0.016253143
8353,0.201189443
8354,0.012503175
8355,0.0635177
8356,0.012059719
8357,0.03617695
8358,0.803422796
8359,0.78435698
8360,0.298763968
8361,0.646562243
8362,0.824126234
8363,0.043494268
8364,0.14986422
8365,0.003651943
8366,0.718297478
8367,0.062544381
8368,0.817073483
8369,0.719313634
8370,0.559592489
8371,0.044879946
8372,0.02380244
8373,0.037928304
8374,0.188720012
8375,0.711511315
8376,0.652227228
8377,0.020610939
8378,0.036329274
8379,0.076072364
8380,0.178234565
8381,0.02538312
8382,0.644419491
8383,0.761050407
8384,0.049670984
8385,0.034355031
8386,0.595641249
8387,0.027508654
8388,0.024649879
8389,0.005490617
8390,0.02630757
8391,0.508716589
8392,0.213694447
8393,0.021205654
8394,0.012475605
8395,0.038503962
8396,0.015755394
8397,0.145423869
8398,0.017164115
8399,0.076192285
8400,0.034473503
8401,0.020217371
8402,0.694545786
